{
  "name": "h5-snake",
  "version": "0.1.0",
  "t": 1458532729845,
  "cache": {
    "\/shuke.cl\/h5-snake\/detail\/index.html": "pages\/detail\/index.html",
    "\/shuke.cl\/h5-pages\/detail\/index.html": "pages\/detail\/index.html",
    "\/shuke.cl\/h5-snake\/home\/index.html": "pages\/home\/index.html",
    "\/shuke.cl\/commons.entry.js": "commons.entry.js",
    "\/shuke.cl\/h5-snake\/detail\/index.entry.js": "pages\/detail\/index.entry.js",
    "\/shuke.cl\/h5-pages\/detail\/index.entry.js": "pages\/detail\/index.entry.js",
    "\/shuke.cl\/h5-snake\/home\/index.entry.js": "pages\/home\/index.entry.js",
    "\/shuke.cl\/h5-pages\/home\/index.entry.js": "pages\/home\/index.entry.js",
    "\/shuke.cl\/commons.css": "commons.css",
    "\/shuke.cl\/h5-snake\/detail\/index.css": "pages\/detail\/index.css",
    "\/shuke.cl\/h5-pages\/detail\/index.css": "pages\/detail\/index.css",
    "\/shuke.cl\/h5-snake\/home\/index.css": "pages\/home\/index.css",
    "\/shuke.cl\/h5-pages\/home\/index.css": "pages\/home\/index.css",
    "\/shuke.cl\/widgets\/css\/build\/reset-min.css": "widgets\/css\/build\/reset-min.css"
  }
}
